code;title;year;director;status;source;tmdb_id;matched_title;poster_file;error;tpdb_search_url
O_DREAMLAND_1953;O Dreamland;1953;Lindsay Anderson;OK;tmdb;49176;O Dreamland;O_DREAMLAND_1953.jpg;;https://theposterdb.com/search?term=O%20Dreamland%201953
MOMMA_DON_T_ALLOW_1956;Momma Don't Allow;1956;Karel Reisz & Tony Richardson;OK;tmdb;117470;Momma Don't Allow;MOMMA_DON_T_ALLOW_1956.jpg;;https://theposterdb.com/search?term=Momma%20Don%27t%20Allow%201956
TOGETHER_1956;Together;1956;Lorenza Mazzetti;OK;tmdb;117475;Ensemble;TOGETHER_1956.jpg;;https://theposterdb.com/search?term=Together%201956
EVERY_DAY_EXCEPT_CHRISTMAS_1957;Every Day Except Christmas;1957;Lindsay Anderson;OK;tmdb;117471;Every Day Except Christmas;EVERY_DAY_EXCEPT_CHRISTMAS_1957.jpg;;https://theposterdb.com/search?term=Every%20Day%20Except%20Christmas%201957
WE_ARE_THE_LAMBETH_BOYS_1959;We Are the Lambeth Boys;1959;Karel Reisz;OK;tmdb;117484;We Are the Lambeth Boys;WE_ARE_THE_LAMBETH_BOYS_1959.jpg;;https://theposterdb.com/search?term=We%20Are%20the%20Lambeth%20Boys%201959
LES_CORPS_SAUVAGES_1959;Les Corps sauvages;1959;Tony Richardson;OK;tmdb;50011;Les corps sauvages;LES_CORPS_SAUVAGES_1959.jpg;;https://theposterdb.com/search?term=Les%20Corps%20sauvages%201959
UN_GO_T_DE_MIEL_1961;Un goût de miel;1961;Tony Richardson;OK;tmdb;25062;Un goût de miel;UN_GO_T_DE_MIEL_1961.jpg;;https://theposterdb.com/search?term=Un%20go%C3%BBt%20de%20miel%201961
UN_AMOUR_PAS_COMME_LES_AUTRES_1962;Un amour pas comme les autres;1962;John Schlesinger;OK;tmdb;33765;Un amour pas comme les autres;UN_AMOUR_PAS_COMME_LES_AUTRES_1962.jpg;;https://theposterdb.com/search?term=Un%20amour%20pas%20comme%20les%20autres%201962
BILLY_LE_MENTEUR_1963;Billy le menteur;1963;John Schlesinger;OK;tmdb;26535;Billy le menteur;BILLY_LE_MENTEUR_1963.jpg;;https://theposterdb.com/search?term=Billy%20le%20menteur%201963
DARLING_1965;Darling;1965;John Schlesinger;OK;tmdb;24134;Darling chérie;DARLING_1965.jpg;;https://theposterdb.com/search?term=Darling%201965
FANTOMAS_1913;Fantomas;1913;Louis Feuillade;OK;tmdb;319287;Fantômas - À l'ombre de la guillotine;FANTOMAS_1913.jpg;;https://theposterdb.com/search?term=Fantomas%201913
THE_EXTRAS_1978;The Extras;1978;Yim Ho;OK;tmdb;313098;The Extras;THE_EXTRAS_1978.jpg;;https://theposterdb.com/search?term=The%20Extras%201978
THE_BUTTERFLY_MURDERS_1979;The Butterfly Murders;1979;Tsui Hark;OK;tmdb;44914;Butterfly Murders;THE_BUTTERFLY_MURDERS_1979.jpg;;https://theposterdb.com/search?term=The%20Butterfly%20Murders%201979
COPS_AND_ROBBERS_1979;Cops and Robbers;1979;Alex Cheung;OK;tmdb;212781;Cops and Robbers;COPS_AND_ROBBERS_1979.jpg;;https://theposterdb.com/search?term=Cops%20and%20Robbers%201979
THE_SECRET_1979;The Secret;1979;Ann Hui;OK;tmdb;957397;The Secret;THE_SECRET_1979.jpg;;https://theposterdb.com/search?term=The%20Secret%201979
L_ENFER_DES_ARMES_1980;L'Enfer des armes;1980;Tsui Hark;OK;tmdb;104287;L'enfer des armes;L_ENFER_DES_ARMES_1980.jpg;;https://theposterdb.com/search?term=L%27Enfer%20des%20armes%201980
THE_SWORD_1980;The Sword;1980;Patrick Tam;OK;tmdb;73841;The Sword;THE_SWORD_1980.jpg;;https://theposterdb.com/search?term=The%20Sword%201980
THE_SPOOKY_BUNCH_1980;The Spooky Bunch;1980;Ann Hui;NOT_FOUND;tpdb_manual;;;;aucun match TMDB assez sûr;https://theposterdb.com/search?term=The%20Spooky%20Bunch%201980
THE_STORY_OF_WOO_VIET_1981;The Story of Woo Viet;1981;Ann Hui;OK;tmdb;256071;The Story of Woo Viet;THE_STORY_OF_WOO_VIET_1981.jpg;;https://theposterdb.com/search?term=The%20Story%20of%20Woo%20Viet%201981
THE_CLUB_1981;The Club;1981;Kirk Wong;OK;tmdb;39578;Le Club des monstres;THE_CLUB_1981.jpg;;https://theposterdb.com/search?term=The%20Club%201981
NOMAD_1982;Nomad;1982;Patrick Tam;OK;tmdb;208446;Nomad;NOMAD_1982.jpg;;https://theposterdb.com/search?term=Nomad%201982
ZU_LES_GUERRIERS_DE_LA_MONTAGNE_MAGIQUE_1983;Zu, les guerriers de la montagne magique;1983;Tsui Hark;OK;tmdb;38155;Zu, les guerriers de la montagne magique;ZU_LES_GUERRIERS_DE_LA_MONTAGNE_MAGIQUE_1983.jpg;;https://theposterdb.com/search?term=Zu%2C%20les%20guerriers%20de%20la%20montagne%20magique%201983
AH_YING_1983;Ah Ying;1983;Allen Fong;OK;tmdb;157236;Ah Ying;AH_YING_1983.jpg;;https://theposterdb.com/search?term=Ah%20Ying%201983
SHANGHAI_BLUES_1984;Shanghai Blues;1984;Tsui Hark;OK;tmdb;143479;Shanghai Blues;SHANGHAI_BLUES_1984.jpg;;https://theposterdb.com/search?term=Shanghai%20Blues%201984
POLICE_STORY_1985;Police Story;1985;Jackie Chan;OK;tmdb;9056;Police Story;POLICE_STORY_1985.jpg;;https://theposterdb.com/search?term=Police%20Story%201985
PEKING_OPERA_BLUES_1986;Peking Opera Blues;1986;Tsui Hark;OK;tmdb;39776;Peking Opera Blues;PEKING_OPERA_BLUES_1986.jpg;;https://theposterdb.com/search?term=Peking%20Opera%20Blues%201986
CITY_ON_FIRE_1987;City on Fire;1987;Ringo Lam;OK;tmdb;42120;City on Fire;CITY_ON_FIRE_1987.jpg;;https://theposterdb.com/search?term=City%20on%20Fire%201987
HISTOIRE_DE_FANT_MES_CHINOIS_1987;Histoire de fantômes chinois;1987;Ching Siu-tung;OK;tmdb;30421;Histoires de fantômes chinois;HISTOIRE_DE_FANT_MES_CHINOIS_1987.jpg;;https://theposterdb.com/search?term=Histoire%20de%20fant%C3%B4mes%20chinois%201987
AS_TEARS_GO_BY_1988;As Tears Go By;1988;Wong Kar-wai;OK;tmdb;24163;As Tears Go By;AS_TEARS_GO_BY_1988.jpg;;https://theposterdb.com/search?term=As%20Tears%20Go%20By%201988
PEDICAB_DRIVER_1989;Pedicab Driver;1989;Sammo Hung;OK;tmdb;29014;Pedicab Driver;PEDICAB_DRIVER_1989.jpg;;https://theposterdb.com/search?term=Pedicab%20Driver%201989
BULLET_IN_THE_HEAD_1990;Bullet in the Head;1990;John Woo;OK;tmdb;11909;Une Balle dans la tête;BULLET_IN_THE_HEAD_1990.jpg;;https://theposterdb.com/search?term=Bullet%20in%20the%20Head%201990
IL_TAIT_UNE_FOIS_EN_CHINE_1991;Il était une fois en Chine;1991;Tsui Hark;OK;tmdb;10617;Il était une fois en Chine;IL_TAIT_UNE_FOIS_EN_CHINE_1991.jpg;;https://theposterdb.com/search?term=Il%20%C3%A9tait%20une%20fois%20en%20Chine%201991
LA_MARI_E_AUX_CHEVEUX_BLANCS_1993;La Mariée aux cheveux blancs;1993;Ronny Yu;OK;tmdb;18817;La Mariée aux cheveux blancs;LA_MARI_E_AUX_CHEVEUX_BLANCS_1993.jpg;;https://theposterdb.com/search?term=La%20Mari%C3%A9e%20aux%20cheveux%20blancs%201993
COMRADES_ALMOST_A_LOVE_STORY_1996;Comrades, Almost a Love Story;1996;Peter Chan;OK;tmdb;37185;Comrades, Almost a Love Story;COMRADES_ALMOST_A_LOVE_STORY_1996.jpg;;https://theposterdb.com/search?term=Comrades%2C%20Almost%20a%20Love%20Story%201996
THE_MISSION_1999;The Mission;1999;Johnnie To;OK;tmdb;45871;The Mission;THE_MISSION_1999.jpg;;https://theposterdb.com/search?term=The%20Mission%201999
BLOOD_SIMPLE_1984;Blood Simple;1984;Joel & Ethan Coen;OK;tmdb;11368;Sang pour sang;BLOOD_SIMPLE_1984.jpg;;https://theposterdb.com/search?term=Blood%20Simple%201984
THE_TRUMAN_SHOW_1998;The Truman Show;1998;Peter Weir;OK;tmdb;37165;Le Show Truman;THE_TRUMAN_SHOW_1998.jpg;;https://theposterdb.com/search?term=The%20Truman%20Show%201998
BEING_JOHN_MALKOVICH_1999;Being John Malkovich;1999;Spike Jonze;OK;tmdb;492;Dans la peau de John Malkovich;BEING_JOHN_MALKOVICH_1999.jpg;;https://theposterdb.com/search?term=Being%20John%20Malkovich%201999
LE_SANG_D_UN_PO_TE_1930;Le Sang d'un poète;1930;Jean Cocteau;OK;tmdb;36877;Le Sang d'un poète;LE_SANG_D_UN_PO_TE_1930.jpg;;https://theposterdb.com/search?term=Le%20Sang%20d%27un%20po%C3%A8te%201930
LES_ENFANTS_TERRIBLES_1950;Les Enfants terribles;1950;Jean-Pierre Melville;OK;tmdb;15390;Les Enfants terribles;LES_ENFANTS_TERRIBLES_1950.jpg;;https://theposterdb.com/search?term=Les%20Enfants%20terribles%201950
VALERIE_ET_LA_SEMAINE_DES_MERVEILLES_1970;Valerie et la Semaine des merveilles;1970;Jaromil Jireš;NOT_FOUND;tpdb_manual;;;;aucun match TMDB assez sûr;https://theposterdb.com/search?term=Valerie%20et%20la%20Semaine%20des%20merveilles%201970
ENTER_THE_VOID_2009;Enter the Void;2009;Gaspar Noé;OK;tmdb;34647;Enter the Void;ENTER_THE_VOID_2009.jpg;;https://theposterdb.com/search?term=Enter%20the%20Void%202009
LES_POINGS_DANS_LES_POCHES_1965;Les Poings dans les poches;1965;Marco Bellocchio;OK;tmdb;46591;Les Poings dans les poches;LES_POINGS_DANS_LES_POCHES_1965.jpg;;https://theposterdb.com/search?term=Les%20Poings%20dans%20les%20poches%201965
ENQU_TE_SUR_UN_CITOYEN_AU_DESSUS_DE_TOUT_SOUP_ON_1970;Enquête sur un citoyen au-dessus de tout soupçon;1970;Elio Petri;OK;tmdb;26451;Enquête sur un citoyen au-dessus de tout soupçon;ENQU_TE_SUR_UN_CITOYEN_AU_DESSUS_DE_TOUT_SOUP_ON_1970.jpg;;https://theposterdb.com/search?term=Enqu%C3%AAte%20sur%20un%20citoyen%20au-dessus%20de%20tout%20soup%C3%A7on%201970
LE_JARDIN_DES_FINZI_CONTINI_1970;Le Jardin des Finzi-Contini;1970;Vittorio De Sica;OK;tmdb;4789;Le Jardin des Finzi-Contini;LE_JARDIN_DES_FINZI_CONTINI_1970.jpg;;https://theposterdb.com/search?term=Le%20Jardin%20des%20Finzi-Contini%201970
LE_CASANOVA_DE_FEDERICO_FELLINI_1976;Le Casanova de Federico Fellini;1976;Federico Fellini;OK;tmdb;42236;Le Casanova de Fellini;LE_CASANOVA_DE_FEDERICO_FELLINI_1976.jpg;;https://theposterdb.com/search?term=Le%20Casanova%20de%20Federico%20Fellini%201976
CADAVRES_EXQUIS_1976;Cadavres exquis;1976;Francesco Rosi;OK;tmdb;62789;Cadavres exquis;CADAVRES_EXQUIS_1976.jpg;;https://theposterdb.com/search?term=Cadavres%20exquis%201976
LE_SOLEIL_DANS_UN_FILET_1962;Le Soleil dans un filet;1962;Štefan Uher;NOT_FOUND;tpdb_manual;;;;aucun match TMDB assez sûr;https://theposterdb.com/search?term=Le%20Soleil%20dans%20un%20filet%201962
QUELQUE_CHOSE_D_AUTRE_1963;Quelque chose d'autre;1963;Věra Chytilová;OK;tmdb;171295;Quelque chose d'autre;QUELQUE_CHOSE_D_AUTRE_1963.jpg;;https://theposterdb.com/search?term=Quelque%20chose%20d%27autre%201963
LES_DIAMANTS_DE_LA_NUIT_1964;Les Diamants de la nuit;1964;Jan Němec;OK;tmdb;100589;Les Diamants de la Nuit;LES_DIAMANTS_DE_LA_NUIT_1964.jpg;;https://theposterdb.com/search?term=Les%20Diamants%20de%20la%20nuit%201964
CLAIRAGE_INTIME_1965;Éclairage intime;1965;Ivan Passer;OK;tmdb;77381;Éclairage Intime;CLAIRAGE_INTIME_1965.jpg;;https://theposterdb.com/search?term=%C3%89clairage%20intime%201965
LA_F_TE_ET_LES_INVIT_S_1966;La Fête et les Invités;1966;Jan Němec;OK;tmdb;105348;La fête et les invités;LA_F_TE_ET_LES_INVIT_S_1966.jpg;;https://theposterdb.com/search?term=La%20F%C3%AAte%20et%20les%20Invit%C3%A9s%201966
LA_PLAISANTERIE_1968;La Plaisanterie;1968;Jaromil Jireš;OK;tmdb;105627;La plaisanterie;LA_PLAISANTERIE_1968.jpg;;https://theposterdb.com/search?term=La%20Plaisanterie%201968
UN_T_CAPRICIEUX_1968;Un été capricieux;1968;Jiří Menzel;OK;tmdb;47189;Un été capricieux;UN_T_CAPRICIEUX_1968.jpg;;https://theposterdb.com/search?term=Un%20%C3%A9t%C3%A9%20capricieux%201968
LE_CR_MATEUR_1969;Le Crémateur;1969;Juraj Herz;NOT_FOUND;tpdb_manual;;;;aucun match TMDB assez sûr;https://theposterdb.com/search?term=Le%20Cr%C3%A9mateur%201969
LES_OISEAUX_LES_ORPHELINS_ET_LES_FOUS_1969;Les Oiseaux, les Orphelins et les Fous;1969;Juraj Jakubisko;OK;tmdb;47900;Les oiseaux, les orphelins et les fous;LES_OISEAUX_LES_ORPHELINS_ET_LES_FOUS_1969.jpg;;https://theposterdb.com/search?term=Les%20Oiseaux%2C%20les%20Orphelins%20et%20les%20Fous%201969
VAL_RIE_ET_LA_SEMAINE_DES_MERVEILLES_1970;Valérie et la Semaine des merveilles;1970;Jaromil Jireš;NOT_FOUND;tpdb_manual;;;;aucun match TMDB assez sûr;https://theposterdb.com/search?term=Val%C3%A9rie%20et%20la%20Semaine%20des%20merveilles%201970
UN_ET_HUIT_1983;Un et Huit;1983;Zhang Junzhao;NOT_FOUND;tpdb_manual;;;;aucun match TMDB assez sûr;https://theposterdb.com/search?term=Un%20et%20Huit%201983
L_INCIDENT_DU_CANON_NOIR_1985;L'Incident du canon noir;1985;Huang Jianxin;NOT_FOUND;tpdb_manual;;;;aucun match TMDB assez sûr;https://theposterdb.com/search?term=L%27Incident%20du%20canon%20noir%201985
LE_VOLEUR_DE_CHEVAUX_1986;Le Voleur de chevaux;1986;Tian Zhuangzhuang;OK;tmdb;42018;Le Voleur de chevaux;LE_VOLEUR_DE_CHEVAUX_1986.jpg;;https://theposterdb.com/search?term=Le%20Voleur%20de%20chevaux%201986
LE_VIEUX_PUITS_1987;Le Vieux Puits;1987;Wu Tianming;NOT_FOUND;tpdb_manual;;;;aucun match TMDB assez sûr;https://theposterdb.com/search?term=Le%20Vieux%20Puits%201987
LE_ROI_DES_ENFANTS_1987;Le Roi des enfants;1987;Chen Kaige;OK;tmdb;148597;Le Roi des enfants;LE_ROI_DES_ENFANTS_1987.jpg;;https://theposterdb.com/search?term=Le%20Roi%20des%20enfants%201987
JU_DOU_1990;Ju Dou;1990;Zhang Yimou;OK;tmdb;41821;Ju Dou;JU_DOU_1990.jpg;;https://theposterdb.com/search?term=Ju%20Dou%201990
LA_VIE_SUR_UN_FIL_1991;La Vie sur un fil;1991;Chen Kaige;OK;tmdb;41783;La Vie sur un fil;LA_VIE_SUR_UN_FIL_1991.jpg;;https://theposterdb.com/search?term=La%20Vie%20sur%20un%20fil%201991
QIU_JU_UNE_FEMME_CHINOISE_1992;Qiu Ju, une femme chinoise;1992;Zhang Yimou;OK;tmdb;38143;Qiu Ju, une femme chinoise;QIU_JU_UNE_FEMME_CHINOISE_1992.jpg;;https://theposterdb.com/search?term=Qiu%20Ju%2C%20une%20femme%20chinoise%201992
VIVRE_1994;Vivre !;1994;Zhang Yimou;OK;tmdb;31439;Vivre !;VIVRE_1994.jpg;;https://theposterdb.com/search?term=Vivre%20%21%201994
LA_LUNE_TENTATRICE_1996;La Lune tentatrice;1996;Chen Kaige;NOT_FOUND;tpdb_manual;;;;aucun match TMDB assez sûr;https://theposterdb.com/search?term=La%20Lune%20tentatrice%201996
L_EMPEREUR_ET_L_ASSASSIN_1998;L'Empereur et l'Assassin;1998;Chen Kaige;OK;tmdb;10387;L'Empereur et l'Assassin;L_EMPEREUR_ET_L_ASSASSIN_1998.jpg;;https://theposterdb.com/search?term=L%27Empereur%20et%20l%27Assassin%201998
DRIFTERS_1929;Drifters;1929;John Grierson;OK;tmdb;174892;Drifters;DRIFTERS_1929.jpg;;https://theposterdb.com/search?term=Drifters%201929
NIGHT_MAIL_1936;Night Mail;1936;Harry Watt & Basil Wright;OK;tmdb;77963;Night Mail;NIGHT_MAIL_1936.jpg;;https://theposterdb.com/search?term=Night%20Mail%201936
LES_MA_TRES_FOUS_1955;Les Maîtres fous;1955;Jean Rouch;OK;tmdb;84820;Les Maîtres fous;LES_MA_TRES_FOUS_1955.jpg;;https://theposterdb.com/search?term=Les%20Ma%C3%AEtres%20fous%201955
LE_JOLI_MAI_1963;Le Joli Mai;1963;Chris Marker & Pierre Lhomme;OK;tmdb;128779;Le Joli Mai;LE_JOLI_MAI_1963.jpg;;https://theposterdb.com/search?term=Le%20Joli%20Mai%201963
HOOP_DREAMS_1994;Hoop Dreams;1994;Steve James;OK;tmdb;14275;Hoop Dreams;HOOP_DREAMS_1994.jpg;;https://theposterdb.com/search?term=Hoop%20Dreams%201994
EMPIRE_1964;Empire;1964;Andy Warhol;OK;tmdb+disk;17277;La Chute de l'Empire romain;EMPIRE_1964.jpg;;https://theposterdb.com/search?term=Empire%201964
T_O_U_C_H_I_N_G_1968;T,O,U,C,H,I,N,G;1968;Paul Sharits;OK;tmdb;163068;T,O,U,C,H,I,N,G;T_O_U_C_H_I_N_G_1968.jpg;;https://theposterdb.com/search?term=T%2CO%2CU%2CC%2CH%2CI%2CN%2CG%201968
